year,facade,theme_level_1,theme_level_2,target_number_of_controls
2023,NAMO,Police des mouillages,,1
2023,SA,Police des mouillages,,2
2023,MED,Police des mouillages,,3
2023,Martinique,Police des mouillages,,4
2023,MEMN,Rejets illicites,Carénage sauvage,5
2023,SA,Rejets illicites,Carénage sauvage,6
2023,MEMN,Police des espèces protégées et de leurs habitats (faune et flore),Perturbation d'animaux,7
2023,NAMO,Police des espèces protégées et de leurs habitats (faune et flore),Perturbation d'animaux,8
2023,MED,Police des espèces protégées et de leurs habitats (faune et flore),Perturbation d'animaux,9
2023,Sud Océan Indien,Police des espèces protégées et de leurs habitats (faune et flore),Perturbation d'animaux,10
2023,Martinique,Police des espèces protégées et de leurs habitats (faune et flore),Perturbation d'animaux,11
2023,MEMN,Travaux en milieu marin,,12
2023,NAMO,Travaux en milieu marin,,13
2023,SA,Travaux en milieu marin,,14
2023,MED,Travaux en milieu marin,,15
2023,Sud Océan Indien,Travaux en milieu marin,,16